<?xml version="1.0" encoding="UTF-8" standalone="yes"?>
<addon id="plugin.program.kodiuktv" name="KodiUK TV Wizard" version="1.6" provider-name="KodiUK.TV">
  <requires>
    <import addon="xbmc.python" version="2.1.0"/>
  </requires>
  <extension point="xbmc.python.pluginsource" library="default.py">
        <provides>executable</provides>
  </extension>
  <extension point="xbmc.addon.metadata">
    <summary lang="en">KodiUK TV Wizard</summary>
    <description lang="en">The hub of KodiUK.TV and the home of all official, and Community builds.  Find us online at www.kodiuk.tv and also on Facebook</description>
    <platform>all</platform> 
  </extension>
</addon>
