﻿<?xml version="1.0" encoding="UTF-8" standalone="yes"?>
<addon id="plugin.program.amobox.info" 
	name="Welcome to the [COLOR blue][B]AMO[/B][/COLOR][COLOR green]box[/COLOR] Information center." 
	version="1.0" 
	provider-name="AMObox">
    	<requires>
		<import addon="xbmc.python" version="2.14.0"/>
	</requires>
	<extension point="xbmc.python.pluginsource" library="addon.py">
		<provides>executable</provides>
	</extension>
	<extension point="xbmc.addon.metadata">
		<platform>all</platform>
		<summary lang="en">[COLOR blue][B]AMO[/B][/COLOR][COLOR green]box[/COLOR] user information Center displaying current build version.</summary>
                <description lang="en">[COLOR blue][B]AMO[/B][/COLOR][COLOR green]box[/COLOR] Software; c==|======> built for speed and stability.</description>
		<license>GNU General Public License, v2</license>
	</extension>
</addon>
