﻿<?xml version="1.0" encoding="UTF-8" standalone="yes"?>
<addon id="repository.amobox.lego" name="AMObox Lego Build" version="0.0.5" provider-name="AMObox">
	<extension point="xbmc.addon.repository" name="Demonstration Add-on Repository">
		<info compressed="false">http://raw.github.com/AMOboxTV/AMOBox.LegoBuild/master/addons.xml</info>
		<checksum>http://raw.github.com/AMOboxTV/AMOBox.LegoBuild/master/addons.xml.md5</checksum>
		<datadir zip="true">http://raw.github.com/AMOboxTV/AMOBox.LegoBuild/master/repo/</datadir>
	</extension>
	<extension point="xbmc.addon.metadata">
		<summary>AMObox Lego Build Repo</summary>
		<description>Repository to fully enjoy the AMObox Lego Build</description>
		<disclaimer></disclaimer>
		<platform>all</platform>
	</extension>
</addon>