<colors>
	<color name="white">ffe5e5e5</color> #Submenu
	<color name="white2">#00FF00</color>
	<color name="grey">#E7EE5C</color>
	<color name="grey2">ff0045ff</color>
	<color name="grey3">FF606060</color>
	<color name="grey4">FF404040</color>
	<color name="green">FF006122</color>
	<color name="black">FF000000</color>
	<color name="blue">FF002b6b</color>
	<color name="selected">FF0045ff</color>
	<color name="invalid">FFFF0000</color>
	<color name="themecolor">ff0000ff</color> #horas e tal
	<color name="themecolor_transparent">ff0045ff</color>
	<color name="ICS_Blue_Text">ff33B5E5</color>
	<color name="ICS_Blue_Textures">ff0045ff</color>
	<color name="dialogheader">FF606060</color>
	<color name="labelheader">FF33B5E5</color>
	<color name="shadow">AA000000</color>
</colors>