<?xml version="1.0" encoding="UTF-8"?>
<includes>
	<include file="defaults.xml" />
	<include file="Includes_CommonValues.xml" />
	<include file="Includes_Animations.xml" />
	<include file="Includes_Home.xml" />
	<include file="Includes_LiveBG.xml" />
	<include file="IncludesHomeRecentlyAdded.xml" />
	<include file="IncludesBackgroundBuilding.xml" />
	<include file="View_50_List.xml" />
	<include file="View_51_InfoWall.xml" />
	<include file="View_52_Landscape.xml" />
	<include file="View_53_ShowCase.xml" />
	<include file="View_54_ShowCase.xml" />
	<include file="View_55_TriPanel.xml" />
	<include file="View_56_Posters.xml" />
	<include file="View_57_Shift.xml" />
	<include file="View_58_BannerWall.xml" />
	<include file="View_59_Logo.xml" />
	<include file="View_500_Wall.xml" />
	<include file="View_501_LowList.xml" />
	<include file="View_502_Episode.xml" />
	<include file="View_503_Wall.xml" />
	<include file="View_510_BigList.xml" />
	<include file="variables.xml" />
	<include file="script-skinshortcuts-includes.xml" />
	<constant name="FanartCrossfadeTime">500</constant>
	<constant name="IconCrossfadeTime">400</constant>
	<constant name="FullScreenWidth">2560</constant>
	<variable name="BannerThumb">
		<value condition="!IsEmpty(ListItem.Art(banner))">$INFO[ListItem.Art(banner)]</value>
		<value>$INFO[ListItem.Icon]</value>
	</variable>
	<variable name="PosterThumb">
		<value condition="!IsEmpty(ListItem.Art(poster))">$INFO[ListItem.Art(poster)]</value>
		<value>$INFO[ListItem.Icon]</value>
	</variable>
	<!-- Media Menu -->
	<include name="SideBladeLeft">
		<animation effect="slide" start="440,0" end="0,0" time="400" tween="quadratic" easing="out" condition="IsEmpty(Window(home).Property(MediaMenu))">Conditional</animation>
		<animation effect="slide" start="0,0" end="-440,0" time="400" tween="quadratic" easing="out">WindowClose</animation>
		<!--<top>44</top>-->
		<control type="image">
			<left>0</left>
			<top>0</top>
			<width>432</width>
			<height>1080</height>
			<texture border="40">mediamenu_back.png</texture>
		</control>
		<control type="button" id="9051">
			<include>HiddenObject</include>
			<onfocus condition="IsEmpty(Window(Home).Property(MediaMenu))">SetProperty(MediaMenu,True,home)</onfocus>
			<onfocus condition="IsEmpty(Window(Home).Property(MediaMenu))">SetFocus(9050)</onfocus>
			<onfocus condition="!IsEmpty(Window(Home).Property(MediaMenu))">ClearProperty(MediaMenu,Home)</onfocus>
			<onfocus condition="!IsEmpty(Window(Home).Property(MediaMenu))">SetFocus(50)</onfocus>
		</control>
		<control type="button" id="8999">
			<description>Close Window button</description>
			<left>350</left>
			<width>64</width>
			<height>48</height>
			<label></label>
			<font>CloseButton</font>
			<textcolor>grey</textcolor>
			<focusedcolor>themecolor</focusedcolor>
			<onclick>ClearProperty(MediaMenu,Home)</onclick>
			<onclick>SetFocus(50)</onclick>
			<texturefocus />
			<texturenofocus />
			<visible>system.getbool(input.enablemouse)</visible>
		</control>
		<control type="image">
			<description>LOGO</description>
			<left>0</left>
			<top>0</top>
			<width>400</width>
			<height>120</height>
			<aspectratio>keep</aspectratio>
			<texture>aeon-nox-logo.png</texture>
		</control>
	</include>
	<include name="KioskModeButton">
		<control type="button">
			<description>Kiosk Mode button</description>
			<include>ButtonCommonValues</include>
			<label>-</label>
			<onfocus>ClearProperty(MediaMenu,Home)</onfocus>
			<onfocus>SetFocus(50)</onfocus>
		</control>
	</include>
	<include name="MediaMenuTop">
		<left>0</left>
		<top>100</top>
		<width>400</width>
		<height>1080</height>
		<onleft>9050</onleft>
		<onright>ClearProperty(MediaMenu,Home)</onright>
		<onright>50</onright>
		<onup>9050</onup>
		<ondown>9050</ondown>
		<onback>ClearProperty(MediaMenu,Home)</onback>
		<onback>50</onback>
		<itemgap>0</itemgap>
		<include condition="Skin.HasSetting(KioskMode.Enabled)">KioskModeButton</include>
		<animation effect="fade" start="100" end="0" time="200" condition="Window.IsVisible(1129)" reversible="true">conditional</animation>
		<control type="label" id="200">
			<width>400</width>
			<height>52</height>
			<textoffsetx>15</textoffsetx>
			<font>font13_title</font>
			<label>31006</label>
			<textcolor>themecolor</textcolor>
			<aligny>center</aligny>
		</control>
		<control type="button" id="2000">
			<description>View As button</description>
			<textwidth>352</textwidth>
			<include>ButtonCommonValues</include>
			<label>$INFO[Container.Viewmode,$LOCALIZE[31100] ]</label>
			<onclick>ActivateWindow(1129)</onclick>
		</control>
		<control type="button" id="3">
			<description>Sort by button</description>
			<include>ButtonCommonValues</include>
			<label>103</label>
		</control>
		<control type="togglebutton" id="4">
			<description>Sort asc</description>
			<include>ButtonCommonValues</include>
			<label>31051</label>
			<altlabel>31050</altlabel>
			<usealttexture>Container.SortDirection(Ascending)</usealttexture>
		</control>
		<control type="button" id="2001">
			<include>ButtonCommonValues</include>
			<label>$LOCALIZE[19190]</label>
			<onclick>ActivateWindow(1128)</onclick>
		</control>
	</include>
	<include name="PVRMediaMenu">
		<control type="group">
			<left>-440</left>
			<include>SideBladeLeft</include>
			<control type="grouplist" id="9050">
				<left>0</left>
				<top>100</top>
				<width>400</width>
				<height>1080</height>
				<onleft>9050</onleft>
				<onright>ClearProperty(MediaMenu,Home)</onright>
				<onright condition="!Window.IsVisible(tvguide)">50</onright>
				<onright condition="Window.IsVisible(tvguide)">10</onright>
				<onup>9050</onup>
				<ondown>9050</ondown>
				<onback>ClearProperty(MediaMenu,Home)</onback>
				<onback>50</onback>
				<itemgap>0</itemgap>
				<include condition="Skin.HasSetting(KioskMode.Enabled)">KioskModeButton</include>
				<animation effect="fade" start="100" end="0" time="200" condition="Window.IsVisible(1129)" reversible="true">conditional</animation>
				<control type="label" id="200">
					<width>400</width>
					<height>52</height>
					<textoffsetx>15</textoffsetx>
					<font>font13_title</font>
					<label>31006</label>
					<textcolor>themecolor</textcolor>
					<aligny>center</aligny>
				</control>
				<control type="button" id="2000">
					<description>View As button</description>
					<textwidth>352</textwidth>
					<include>ButtonCommonValues</include>
					<label>$INFO[Container.Viewmode,$LOCALIZE[31100] ]</label>
					<onclick>ActivateWindow(1129)</onclick>
					<visible>!Window.IsActive(tvguide) + !Window.IsActive(radioguide)</visible>
				</control>
				<control type="button" id="2">
					<description>View As button</description>
					<textwidth>352</textwidth>
					<include>ButtonCommonValues</include>
					<visible>Window.IsActive(tvguide) | Window.IsActive(radioguide)</visible>
				</control>
				<control type="button" id="3">
					<description>Sort by button</description>
					<include>ButtonCommonValues</include>
					<label>103</label>
				</control>
				<control type="togglebutton" id="4">
					<description>Sort asc</description>
					<include>ButtonCommonValues</include>
					<label>31051</label>
					<altlabel>31050</altlabel>
					<usealttexture>Container.SortDirection(Ascending)</usealttexture>
				</control>
				<control type="button" id="2001">
					<include>ButtonCommonValues</include>
					<label>$LOCALIZE[19190]</label>
					<onclick>ActivateWindow(1128)</onclick>
				</control>
				<control type="button" id="203">
					<description>View options</description>
					<textwidth>352</textwidth>
					<font>font13_title</font>
					<include>ButtonCommonValues</include>
					<label>31039</label>
					<enable>no</enable>
					<disabledcolor>themecolor</disabledcolor>
				</control>
				<control type="button" id="100">
					<description>Channels</description>
					<label>19019</label>
					<textwidth>352</textwidth>
					<include>ButtonCommonValues</include>
					<onclick condition="IsEmpty(Window.Property(IsRadio))">ActivateWindow(TVChannels)</onclick>
					<onclick condition="!IsEmpty(Window.Property(IsRadio))">ActivateWindow(RadioChannels)</onclick>
				</control>
				<control type="button" id="101">
					<description>Guide</description>
					<label>22020</label>
					<textwidth>352</textwidth>
					<include>ButtonCommonValues</include>
					<onclick condition="IsEmpty(Window.Property(IsRadio))">ActivateWindow(TVGuide)</onclick>
					<onclick condition="!IsEmpty(Window.Property(IsRadio))">ActivateWindow(RadioGuide)</onclick>
				</control>
				<control type="button" id="102">
					<description>Recordings</description>
					<label>19163</label>
					<textwidth>352</textwidth>
					<include>ButtonCommonValues</include>
					<onclick condition="IsEmpty(Window.Property(IsRadio))">ActivateWindow(TVRecordings)</onclick>
					<onclick condition="!IsEmpty(Window.Property(IsRadio))">ActivateWindow(RadioRecordings)</onclick>
				</control>
				<control type="button" id="103">
					<description>Timers</description>
					<label>19040</label>
					<textwidth>352</textwidth>
					<include>ButtonCommonValues</include>
					<onclick condition="IsEmpty(Window.Property(IsRadio))">ActivateWindow(TVTimers)</onclick>
					<onclick condition="!IsEmpty(Window.Property(IsRadio))">ActivateWindow(RadioTimers)</onclick>
				</control>
				<control type="button" id="104">
					<description>Search</description>
					<label>137</label>
					<textwidth>352</textwidth>
					<include>ButtonCommonValues</include>
					<onclick condition="IsEmpty(Window.Property(IsRadio))">ActivateWindow(TVSearch)</onclick>
					<onclick condition="!IsEmpty(Window.Property(IsRadio))">ActivateWindow(RadioSearch)</onclick>
				</control>
				<control type="button" id="201">
					<description>View options</description>
					<textwidth>352</textwidth>
					<font>font13_title</font>
					<include>ButtonCommonValues</include>
					<label>31026</label>
					<enable>no</enable>
					<disabledcolor>themecolor</disabledcolor>
				</control>
				<control type="button" id="28">
					<description>Channel Groups</description>
					<textwidth>255</textwidth>
					<include>ButtonCommonValues</include>
					<label>-</label>
				</control>
			</control>
		</control>
	</include>
	<include name="NoMediaMenu">
		<left>0</left>
		<top>100</top>
		<width>400</width>
		<height>1080</height>
		<onleft>9050</onleft>
		<onright>ClearProperty(MediaMenu,Home)</onright>
		<onright condition="!Window.IsActive(SettingsCategory.xml)">50</onright>
		<onright condition="Window.IsActive(SettingsCategory.xml)">3</onright>
		<onup>9050</onup>
		<ondown>9050</ondown>
		<onback>ClearProperty(MediaMenu,Home)</onback>
		<onback>50</onback>
		<itemgap>0</itemgap>
		<include condition="Skin.HasSetting(KioskMode.Enabled)">KioskModeButton</include>
		<animation effect="fade" start="100" end="0" time="200" condition="Window.IsVisible(1129)" reversible="true">conditional</animation>
		<control type="label" id="200">
			<width>400</width>
			<height>52</height>
			<textoffsetx>15</textoffsetx>
			<font>font13_title</font>
			<label>31006</label>
			<textcolor>themecolor</textcolor>
			<aligny>center</aligny>
		</control>
		<control type="button" id="2001">
			<include>ButtonCommonValues</include>
			<label>$LOCALIZE[19190]</label>
			<onclick>ActivateWindow(1128)</onclick>
		</control>
		<control type="button" id="203">
			<description>Settings level</description>
			<textwidth>352</textwidth>
			<font>font13_title</font>
			<include>ButtonCommonValues</include>
			<label>$LOCALIZE[31142]</label>
			<enable>no</enable>
			<disabledcolor>themecolor</disabledcolor>
			<visible>Window.IsActive(SettingsCategory.xml)</visible>
		</control>
		<control type="button" id="20">
			<description>Change settings level</description>
			<label>19019</label>
			<textwidth>352</textwidth>
			<include>ButtonCommonValues</include>
			<onclick>SettingsLevelChange</onclick>
			<visible>Window.IsActive(SettingsCategory.xml)</visible>
		</control>
	</include>
	<!-- Scroll Label -->
	<include name="ScrollOffsetLabel">
		<control type="group">
			<visible>Container.Scrolling + [StringCompare(Container.SortMethod,$LOCALIZE[551]) | StringCompare(Container.SortMethod,$LOCALIZE[561]) | StringCompare(Container.SortMethod,$LOCALIZE[558]) | StringCompare(Container.SortMethod,$LOCALIZE[557]) | StringCompare(Container.SortMethod,$LOCALIZE[556])]</visible>
			<animation effect="slide" tween="cubic" easing="inout" time="400" start="160" end="0">VisibleChange</animation>
			<left>2434</left>
			<top>36</top>
			<control type="image">
				<left>0</left>
				<top>0</top>
				<width>160</width>
				<height>160</height>
				<texture border="35">listpanel_back.png</texture>
			</control>
			<control type="label">
				<left>0</left>
				<top>15</top>
				<width>160</width>
				<height>120</height>
				<align>center</align>
				<aligny>center</aligny>
				<label>$INFO[ListItem.SortLetter]</label>
				<textcolor>white</textcolor>
				<font>font_MainMenu</font>
			</control>
		</control>
	</include>
	<!-- Navigation Bar -->
	<include name="Topbar">
		<control type="group">
			<animation effect="slide" start="0,0" end="0,-90" time="800" tween="cubic" condition="Control.IsVisible(503) + System.IdleTime(2)">Conditional</animation>
			<animation effect="slide" start="0,-90" end="0,0" delay="800" time="480" condition="Window.Previous(home)">WindowOpen</animation>
			<animation effect="slide" end="0,-90" start="0,0" time="480" condition="Window.Next(home)">WindowClose</animation>
			<control type="image">
				<left>0</left>
				<top>0</top>
				<width>FullScreenWidth</width>
				<height>66</height>
				<texture border="1">topbar.png</texture>
			</control>
			<control type="label">
				<width>1280</width>
				<height>90</height>
				<font>font13_title</font>
				<textoffsetx>15</textoffsetx>
				<textcolor>grey2</textcolor>
				<align>left</align>
				<aligny>top</aligny>
				<textoffsety>-2</textoffsety>
				<label>$VAR[BreadcrumbsVar]</label>
			</control>
			<control type="label">
				<visible>!Window.IsActive(script-globalsearch-main.xml)</visible>
				<left>1280</left>
				<width>1280</width>
				<height>90</height>
				<font>font13_title</font>
				<textoffsetx>15</textoffsetx>
				<textcolor>grey2</textcolor>
				<align>right</align>
				<aligny>top</aligny>
				<textoffsety>-2</textoffsety>
				<label>$INFO[Container.NumItems,, $LOCALIZE[31025]]$INFO[Container.CurrentPage,[COLOR grey3] | ,]$INFO[Container.NumPages,/,[/COLOR]]</label>
			</control>
			<control type="label">
				<left>0</left>
				<width>FullScreenWidth</width>
				<height>90</height>
				<font>font13_title</font>
				<textoffsetx>15</textoffsetx>
				<textcolor>grey2</textcolor>
				<align>center</align>
				<aligny>top</aligny>
				<textoffsety>-2</textoffsety>
				<label>$INFO[System.Time]</label>
			</control>
			<control type="button" id="90022">
				<label>-</label>
				<left>-30</left>
				<onclick condition="IsEmpty(Window(home).Property(MediaMenu))">SetProperty(MediaMenu,True,home)</onclick>
				<onclick condition="!IsEmpty(Window(home).Property(MediaMenu))">ClearProperty(MediaMenu,Home)</onclick>
				<texturenofocus>mediamenu_indicator.png</texturenofocus>
				<texturefocus>mediamenu_indicator.png</texturefocus>
				<height>32</height>
				<include>ButtonTopbarCommonvalues</include>
				<visible>!IsEmpty(Window(home).Property(Window.HasSettings))</visible>
			</control>
			<control type="group">
				<visible>Player.HasMedia + ![Window.IsActive(volumebar)]</visible>
				<animation effect="slide" start="0,-60" end="0,0" time="200">Visible</animation>
				<animation effect="slide" start="0,0" end="0,-60" time="200">Hidden</animation>
				<left>1720</left>
				<control type="progress">
					<left>0</left>
					<top>0</top>
					<width>500</width>
					<height>37</height>
					<texturebg border="2">osd/texturebg.png</texturebg>
					<lefttexture>-</lefttexture>
					<midtexture border="2">osd/midtexture_cache.png</midtexture>
					<righttexture>-</righttexture>
					<overlaytexture>-</overlaytexture>
					<info>Player.ProgressCache</info>
				</control>
				<control type="progress">
					<left>0</left>
					<top>0</top>
					<width>500</width>
					<height>35</height>
					<texturebg border="1">osd/texturebg_cache.png</texturebg>
					<lefttexture>-</lefttexture>
					<midtexture border="2">osd/midtexture.png</midtexture>
					<righttexture>-</righttexture>
					<overlaytexture>-</overlaytexture>
					<info>Player.Progress</info>
				</control>
				<control type="label">
					<left>0</left>
					<top>0</top>
					<width>500</width>
					<height>90</height>
					<font>font13_title</font>
					<textoffsetx>10</textoffsetx>
					<textcolor>grey</textcolor>
					<shadowcolor>shadow</shadowcolor>
					<align>left</align>
					<aligny>top</aligny>
					<textoffsety>-2</textoffsety>
					<scroll>true</scroll>
					<label>$INFO[Player.Title]</label>
				</control>
			</control>
		</control>
	</include>
	<!-- Context menu -->
	<include name="AdvancedLauncherTrailerButton">
		<control type="button" id="994">
			<label>$LOCALIZE[20410]</label>
			<width>450</width>
			<height>60</height>
			<font>font14</font>
			<align>left</align>
			<textoffsetx>15</textoffsetx>
			<textcolor>grey2</textcolor>
			<focusedcolor>white</focusedcolor>
			<texturefocus border="5">button_middle_focus.png</texturefocus>
			<texturenofocus border="5">button_middle3.png</texturenofocus>
			<onclick>PlayMedia($ESCINFO[ListItem.Trailer])</onclick>
			<visible>!IsEmpty(ListItem.Trailer)</visible>
		</control>
	</include>
	<!--<include name="TrailerButton">
		<control type="button" id="995">
			<label>$LOCALIZE[20410]</label>
			<width>450</width>
			<height>60</height>
			<font>font14</font>
			<align>left</align>
			<textoffsetx>15</textoffsetx>
			<textcolor>grey2</textcolor>
			<focusedcolor>white</focusedcolor>
			<texturefocus border="5">button_middle_focus.png</texturefocus>
			<texturenofocus border="5">button_middle3.png</texturenofocus>
			<onclick condition="!IsEmpty(ListItem.Trailer)">PlayMedia($ESCINFO[ListItem.Trailer])</onclick>
			<onclick condition="IsEmpty(ListItem.Trailer)">ActivateWindow(videos,$ESCINFO[ListItem.Label,plugin://plugin.video.youtube/?path=/root/search&amp;feed=search&amp;search=, Trailer],return)</onclick>
			<visible>Container.Content(movies)</visible>
		</control>
	</include>-->
	<!-- System windows -->
	<include name="SystemLeftPanel">
		<control type="image">
			<left>50</left>
			<top>874</top>
			<width>640</width>
			<height>904</height>
			<texture border="40">panel_reflect.png</texture>
		</control>
		<control type="image">
			<left>50</left>
			<top>0</top>
			<width>640</width>
			<height>904</height>
			<texture border="40">listpanel_back.png</texture>
		</control>
	</include>
	<include name="SystemRightPanel">
		<control type="image">
			<left>710</left>
			<top>874</top>
			<width>1800</width>
			<height>904</height>
			<texture border="40">panel_reflect.png</texture>
		</control>
		<control type="image">
			<left>710</left>
			<top>0</top>
			<width>1800</width>
			<height>904</height>
			<texture border="40">listpanel_back.png</texture>
		</control>
	</include>
	<!-- Extras -->
	<include name="PlayListStatsList">
		<control type="list" id="43260">
			<visible>StringCompare(Container(9000).ListItem.Property(InfoLine),9) | StringCompare(Container(9000).ListItem.Property(InfoLine),10) | StringCompare(Container(9000).ListItem.Property(InfoLine),11)</visible>
			<posx>0</posx>
			<posy>0</posy>
			<width>1</width>
			<height>1</height>
			<focusedlayout/>
			<itemlayout/>
			<content>$VAR[PlaylistStatsContentVar]</content>
		</control>
	</include>
	<include name="HomeSearchButton">
		<control type="button" id="9027">
			<label></label>
			<textoffsetx>0</textoffsetx>
			<width>50</width>
			<height>41</height>
			<align>center</align>
			<font>IconTiny</font>
			<textcolor>grey</textcolor>
			<shadowcolor>shadow</shadowcolor>
			<onclick>RunAddon(script.globalsearch)</onclick>
			<animation type="Visible">
				<effect type="fade" start="0" end="100" tween="sine" easing="inout" time="300" />
				<effect type="zoom" start="50" end="100" center="auto" tween="sine" easing="inout" time="300" />
			</animation>
			<animation type="Hidden">
				<effect type="fade" start="100" end="0" tween="sine" easing="inout" time="300" />
				<effect type="zoom" start="100" end="50" center="auto" tween="sine" easing="inout" time="300" />
			</animation>
		</control>
	</include>
	<include name="ExtendedInfoAutoComplete">
		<control type="group">
			<animation effect="fade" start="100" end="0" time="300" condition="IsEmpty(Container(5000).ListItem.Label)">conditional</animation>
			<control type="image">
				<description>background image</description>
				<left>0</left>
				<top>540</top>
				<width>1340</width>
				<height>220</height>
				<texture border="40">dialogs/default/bg.png</texture>
			</control>
			<control type="image">
				<left>30</left>
				<top>572</top>
				<width>1280</width>
				<height>161</height>
				<texture border="5">dialogs/default/inner.png</texture>
			</control>
			<control type="panel" id="5000">
				<left>30</left>
				<top>572</top>
				<width>1280</width>
				<height>160</height>
				<onleft>5000</onleft>
				<onright>5000</onright>
				<onup>4000</onup>
				<ondown>4000</ondown>
				<onback>noop</onback>
				<orientation>vertical</orientation>
				<scrolltime tween="quadratic" easing="out">200</scrolltime>
				<itemlayout height="80" width="320">
					<control type="image">
						<width>320</width>
						<height>80</height>
						<texture border="4">thumbs/panel_border.png</texture>
					</control>
					<control type="label">
						<width>320</width>
						<height>80</height>
						<align>center</align>
						<textcolor>grey2</textcolor>
						<font>font15</font>
						<label>$INFO[ListItem.Label]</label>
					</control>
				</itemlayout>
				<focusedlayout height="80" width="320">
					<control type="image">
						<width>320</width>
						<height>80</height>
						<texture border="4">thumbs/panel_border.png</texture>
						<visible>!Control.HasFocus(5000)</visible>
					</control>
					<control type="image">
						<width>320</width>
						<height>80</height>
						<texture border="4">button_middle_focus.png</texture>
						<visible>Control.HasFocus(5000)</visible>
					</control>
					<control type="label">
						<width>320</width>
						<height>80</height>
						<align>center</align>
						<font>font15</font>
						<label>$INFO[ListItem.Label]</label>
					</control>
				</focusedlayout>
				<content>plugin://plugin.program.autocompletion?info=autocomplete&amp;&amp;id=$INFO[Control.GetLabel(312).index(1)]&amp;&amp;limit=8</content>
			</control>
		</control>
	</include>
	<!-- Textviewer -->
	<include name="TextviewerAddonInfo">
		<control type="textbox" id="5">
			<description>textarea</description>
			<left>552</left>
			<top>32</top>
			<width>1256</width>
			<height>840</height>
			<font>font15_textbox</font>
			<align>left</align>
			<textcolor>grey2</textcolor>
			<pagecontrol>61</pagecontrol>
		</control>
	</include>
	<include name="TextviewerNoAddonInfo">
		<control type="textbox" id="5">
			<description>textarea</description>
			<left>552</left>
			<top>72</top>
			<width>1256</width>
			<height>800</height>
			<font>font15_textbox</font>
			<align>left</align>
			<textcolor>grey2</textcolor>
			<pagecontrol>61</pagecontrol>
		</control>
	</include>
	<include name="ExtendedVideoInfoLists">
		<control type="panel" id="90011">
			<description>Similar movies</description>
			<left>0</left>
			<top>0</top>
			<width>1830</width>
			<height>420</height>
			<orientation>horizontal</orientation>
			<scrolltime tween="quadratic" easing="out">300</scrolltime>
			<visible>!StringCompare(Window(Home).Property(SimilarMovies.Count),0)</visible>
			<visible>Container.Content(movies)</visible>
			<itemlayout height="420" width="280">
				<control type="image">
					<width>280</width>
					<height>420</height>
					<aspectratio aligny="top">scale</aspectratio>
					<texture background="true" fallback="DefaultVideoCover.png">$INFO[ListItem.Thumb]</texture>
					<bordertexture border="2">thumbs/panel_border3.png</bordertexture>
					<bordersize>2</bordersize>
				</control>
				<control type="image">
					<top>322</top>
					<width>280</width>
					<height>98</height>
					<texture>black.png</texture>
					<colordiffuse>88ffffff</colordiffuse>
					<bordersize>2</bordersize>
				</control>
				<control type="label">
					<left>10</left>
					<top>325</top>
					<width>260</width>
					<height>43</height>
					<align>center</align>
					<font>font14</font>
					<textcolor>grey</textcolor>
					<shadowcolor>shadow</shadowcolor>
					<selectedcolor>selected</selectedcolor>
					<label>$INFO[ListItem.Label]</label>
				</control>
				<control type="label">
					<left>10</left>
					<top>368</top>
					<width>260</width>
					<height>43</height>
					<align>center</align>
					<font>font14</font>
					<textcolor>grey</textcolor>
					<shadowcolor>shadow</shadowcolor>
					<selectedcolor>selected</selectedcolor>
					<label>$INFO[ListItem.Year]</label>
				</control>
				<control type="image">
					<left>180</left>
					<width>100</width>
					<height>100</height>
					<texture>overlays/addons/enabled.png</texture>
					<bordersize>2</bordersize>
					<visible>!IsEmpty(ListItem.Property(DBID))</visible>
				</control>
			</itemlayout>
			<focusedlayout height="420" width="280">
				<control type="group">
					<animation type="Focus" reversible="false">
						<effect type="zoom" start="95" end="100" time="300" tween="sine" easing="inout" center="auto" />
						<effect type="fade" start="80" end="100" time="300" />
					</animation>
					<control type="image">
						<width>280</width>
						<height>420</height>
						<aspectratio aligny="top">scale</aspectratio>
						<texture background="true" fallback="DefaultVideoCover.png">$INFO[ListItem.Thumb]</texture>
						<bordertexture border="8">thumbs/thumbnail_focused.png</bordertexture>
						<bordersize>8</bordersize>
					</control>
					<control type="image">
						<top>316</top>
						<width>280</width>
						<height>104</height>
						<texture>black.png</texture>
						<colordiffuse>88ffffff</colordiffuse>
						<bordersize>8</bordersize>
					</control>
					<control type="label">
						<left>10</left>
						<top>325</top>
						<width>260</width>
						<height>43</height>
						<align>center</align>
						<font>font14</font>
						<selectedcolor>selected</selectedcolor>
						<shadowcolor>shadow</shadowcolor>
						<label>$INFO[ListItem.Label]</label>
						<animation effect="fade" start="100" end="40" time="300" tween="sine" easing="inout" condition="!Control.HasFocus(90011)">Conditional</animation>
					</control>
					<control type="label">
						<left>10</left>
						<top>368</top>
						<width>260</width>
						<height>43</height>
						<align>center</align>
						<font>font14</font>
						<selectedcolor>selected</selectedcolor>
						<shadowcolor>shadow</shadowcolor>
						<label>$INFO[ListItem.Year]</label>
						<animation effect="fade" start="100" end="40" time="300" tween="sine" easing="inout" condition="!Control.HasFocus(90011)">Conditional</animation>
					</control>
					<control type="image">
						<left>180</left>
						<width>100</width>
						<height>100</height>
						<texture>overlays/addons/enabled.png</texture>
						<bordersize>8</bordersize>
						<visible>!IsEmpty(ListItem.Property(DBID))</visible>
					</control>
				</control>
			</focusedlayout>
			<content>plugin://script.extendedinfo?info=similarmovies&amp;&amp;id=$INFO[ListItem.DBID]</content>
		</control>
		<control type="panel" id="90012">
			<description>Movies from director</description>
			<left>0</left>
			<top>0</top>
			<width>1830</width>
			<height>420</height>
			<orientation>horizontal</orientation>
			<scrolltime tween="quadratic" easing="out">300</scrolltime>
			<visible>!StringCompare(Window(Home).Property(DirectorMovies.Count),0)</visible>
			<visible>Container.Content(movies)</visible>
			<itemlayout height="420" width="280">
				<control type="image">
					<width>280</width>
					<height>420</height>
					<aspectratio aligny="top">scale</aspectratio>
					<texture background="true" fallback="DefaultVideoCover.png">$INFO[ListItem.Thumb]</texture>
					<bordertexture border="2">thumbs/panel_border3.png</bordertexture>
					<bordersize>2</bordersize>
				</control>
				<control type="image">
					<top>322</top>
					<width>280</width>
					<height>98</height>
					<texture>black.png</texture>
					<colordiffuse>88ffffff</colordiffuse>
					<bordersize>2</bordersize>
				</control>
				<control type="label">
					<left>10</left>
					<top>325</top>
					<width>260</width>
					<height>43</height>
					<align>center</align>
					<font>font14</font>
					<textcolor>grey</textcolor>
					<shadowcolor>shadow</shadowcolor>
					<selectedcolor>selected</selectedcolor>
					<label>$INFO[ListItem.Label]</label>
				</control>
				<control type="label">
					<left>10</left>
					<top>368</top>
					<width>260</width>
					<height>43</height>
					<align>center</align>
					<font>font14</font>
					<textcolor>grey</textcolor>
					<shadowcolor>shadow</shadowcolor>
					<selectedcolor>selected</selectedcolor>
					<label>$INFO[ListItem.Year]</label>
				</control>
				<control type="image">
					<left>180</left>
					<width>100</width>
					<height>100</height>
					<texture>overlays/addons/enabled.png</texture>
					<bordersize>2</bordersize>
					<visible>!IsEmpty(ListItem.Property(DBID))</visible>
				</control>
			</itemlayout>
			<focusedlayout height="420" width="280">
				<control type="group">
					<animation type="Focus" reversible="false">
						<effect type="zoom" start="95" end="100" time="300" tween="sine" easing="inout" center="auto" />
						<effect type="fade" start="80" end="100" time="300" />
					</animation>
					<control type="image">
						<width>280</width>
						<height>420</height>
						<aspectratio aligny="top">scale</aspectratio>
						<texture background="true" fallback="DefaultVideoCover.png">$INFO[ListItem.Thumb]</texture>
						<bordertexture border="8">thumbs/thumbnail_focused.png</bordertexture>
						<bordersize>8</bordersize>
					</control>
					<control type="image">
						<top>316</top>
						<width>280</width>
						<height>104</height>
						<texture>black.png</texture>
						<colordiffuse>88ffffff</colordiffuse>
						<bordersize>8</bordersize>
					</control>
					<control type="label">
						<left>10</left>
						<top>325</top>
						<width>260</width>
						<height>43</height>
						<align>center</align>
						<font>font14</font>
						<selectedcolor>selected</selectedcolor>
						<shadowcolor>shadow</shadowcolor>
						<label>$INFO[ListItem.Label]</label>
						<animation effect="fade" start="100" end="40" time="300" tween="sine" easing="inout" condition="!Control.HasFocus(90012)">Conditional</animation>
					</control>
					<control type="label">
						<left>10</left>
						<top>368</top>
						<width>260</width>
						<height>43</height>
						<align>center</align>
						<font>font14</font>
						<selectedcolor>selected</selectedcolor>
						<shadowcolor>shadow</shadowcolor>
						<label>$INFO[ListItem.Year]</label>
						<animation effect="fade" start="100" end="40" time="300" tween="sine" easing="inout" condition="!Control.HasFocus(90012)">Conditional</animation>
					</control>
					<control type="image">
						<left>180</left>
						<width>100</width>
						<height>100</height>
						<texture>overlays/addons/enabled.png</texture>
						<bordersize>8</bordersize>
						<visible>!IsEmpty(ListItem.Property(DBID))</visible>
					</control>
				</control>
			</focusedlayout>
			<content target="video">plugin://script.extendedinfo?info=directormovies&amp;&amp;director=$INFO[ListItem.Director]</content>
		</control>
		<control type="panel" id="90013">
			<description>Movies from writers</description>
			<left>0</left>
			<top>0</top>
			<width>1830</width>
			<height>420</height>
			<orientation>horizontal</orientation>
			<scrolltime tween="quadratic" easing="out">300</scrolltime>
			<visible>!StringCompare(Window(Home).Property(WriterMovies.Count),0)</visible>
			<visible>Container.Content(movies)</visible>
			<itemlayout height="420" width="280">
				<control type="image">
					<width>280</width>
					<height>420</height>
					<aspectratio aligny="top">scale</aspectratio>
					<texture background="true" fallback="DefaultVideoCover.png">$INFO[ListItem.Thumb]</texture>
					<bordertexture border="2">thumbs/panel_border3.png</bordertexture>
					<bordersize>2</bordersize>
				</control>
				<control type="image">
					<top>322</top>
					<width>280</width>
					<height>98</height>
					<texture>black.png</texture>
					<colordiffuse>88ffffff</colordiffuse>
					<bordersize>2</bordersize>
				</control>
				<control type="label">
					<left>10</left>
					<top>325</top>
					<width>260</width>
					<height>43</height>
					<align>center</align>
					<font>font14</font>
					<textcolor>grey</textcolor>
					<shadowcolor>shadow</shadowcolor>
					<selectedcolor>selected</selectedcolor>
					<label>$INFO[ListItem.Label]</label>
				</control>
				<control type="label">
					<left>10</left>
					<top>368</top>
					<width>260</width>
					<height>43</height>
					<align>center</align>
					<font>font14</font>
					<textcolor>grey</textcolor>
					<shadowcolor>shadow</shadowcolor>
					<selectedcolor>selected</selectedcolor>
					<label>$INFO[ListItem.Year]</label>
				</control>
				<control type="image">
					<left>180</left>
					<width>100</width>
					<height>100</height>
					<texture>overlays/addons/enabled.png</texture>
					<bordersize>2</bordersize>
					<visible>!IsEmpty(ListItem.Property(DBID))</visible>
				</control>
			</itemlayout>
			<focusedlayout height="420" width="280">
				<control type="group">
					<animation type="Focus" reversible="false">
						<effect type="zoom" start="95" end="100" time="300" tween="sine" easing="inout" center="auto" />
						<effect type="fade" start="80" end="100" time="300" />
					</animation>
					<control type="image">
						<width>280</width>
						<height>420</height>
						<aspectratio aligny="top">scale</aspectratio>
						<texture background="true" fallback="DefaultVideoCover.png">$INFO[ListItem.Thumb]</texture>
						<bordertexture border="8">thumbs/thumbnail_focused.png</bordertexture>
						<bordersize>8</bordersize>
					</control>
					<control type="image">
						<top>316</top>
						<width>280</width>
						<height>104</height>
						<texture>black.png</texture>
						<colordiffuse>88ffffff</colordiffuse>
						<bordersize>8</bordersize>
					</control>
					<control type="label">
						<left>10</left>
						<top>325</top>
						<width>260</width>
						<height>43</height>
						<align>center</align>
						<font>font14</font>
						<selectedcolor>selected</selectedcolor>
						<shadowcolor>shadow</shadowcolor>
						<label>$INFO[ListItem.Label]</label>
						<animation effect="fade" start="100" end="40" time="300" tween="sine" easing="inout" condition="!Control.HasFocus(90013)">Conditional</animation>
					</control>
					<control type="label">
						<left>10</left>
						<top>368</top>
						<width>260</width>
						<height>43</height>
						<align>center</align>
						<font>font14</font>
						<selectedcolor>selected</selectedcolor>
						<shadowcolor>shadow</shadowcolor>
						<label>$INFO[ListItem.Year]</label>
						<animation effect="fade" start="100" end="40" time="300" tween="sine" easing="inout" condition="!Control.HasFocus(90013)">Conditional</animation>
					</control>
					<control type="image">
						<left>180</left>
						<width>100</width>
						<height>100</height>
						<texture>overlays/addons/enabled.png</texture>
						<bordersize>8</bordersize>
						<visible>!IsEmpty(ListItem.Property(DBID))</visible>
					</control>
				</control>
			</focusedlayout>
			<content target="video">plugin://script.extendedinfo?info=writermovies&amp;&amp;writer=$INFO[ListItem.Writer]</content>
		</control>
		<control type="panel" id="90014">
			<description>Movies from studio</description>
			<left>0</left>
			<top>0</top>
			<width>1830</width>
			<height>420</height>
			<orientation>horizontal</orientation>
			<scrolltime tween="quadratic" easing="out">300</scrolltime>
			<visible>!StringCompare(Window(Home).Property(StudioInfo.Count),0)</visible>
			<visible>Container.Content(movies)</visible>
			<itemlayout height="420" width="280">
				<control type="image">
					<width>280</width>
					<height>420</height>
					<aspectratio aligny="top">scale</aspectratio>
					<texture background="true" fallback="DefaultVideoCover.png">$INFO[ListItem.Thumb]</texture>
					<bordertexture border="2">thumbs/panel_border3.png</bordertexture>
					<bordersize>2</bordersize>
				</control>
				<control type="image">
					<top>322</top>
					<width>280</width>
					<height>98</height>
					<texture>black.png</texture>
					<colordiffuse>88ffffff</colordiffuse>
					<bordersize>2</bordersize>
				</control>
				<control type="label">
					<left>10</left>
					<top>325</top>
					<width>260</width>
					<height>43</height>
					<align>center</align>
					<font>font14</font>
					<textcolor>grey</textcolor>
					<shadowcolor>shadow</shadowcolor>
					<selectedcolor>selected</selectedcolor>
					<label>$INFO[ListItem.Label]</label>
				</control>
				<control type="label">
					<left>10</left>
					<top>368</top>
					<width>260</width>
					<height>43</height>
					<align>center</align>
					<font>font14</font>
					<textcolor>grey</textcolor>
					<shadowcolor>shadow</shadowcolor>
					<selectedcolor>selected</selectedcolor>
					<label>$INFO[ListItem.Year]</label>
				</control>
				<control type="image">
					<left>180</left>
					<width>100</width>
					<height>100</height>
					<texture>overlays/addons/enabled.png</texture>
					<bordersize>2</bordersize>
					<visible>!IsEmpty(ListItem.Property(DBID))</visible>
				</control>
			</itemlayout>
			<focusedlayout height="420" width="280">
				<control type="group">
					<animation type="Focus" reversible="false">
						<effect type="zoom" start="95" end="100" time="300" tween="sine" easing="inout" center="auto" />
						<effect type="fade" start="80" end="100" time="300" />
					</animation>
					<control type="image">
						<width>280</width>
						<height>420</height>
						<aspectratio aligny="top">scale</aspectratio>
						<texture background="true" fallback="DefaultVideoCover.png">$INFO[ListItem.Thumb]</texture>
						<bordertexture border="8">thumbs/thumbnail_focused.png</bordertexture>
						<bordersize>8</bordersize>
					</control>
					<control type="image">
						<top>316</top>
						<width>280</width>
						<height>104</height>
						<texture>black.png</texture>
						<colordiffuse>88ffffff</colordiffuse>
						<bordersize>8</bordersize>
					</control>
					<control type="label">
						<left>10</left>
						<top>325</top>
						<width>260</width>
						<height>43</height>
						<align>center</align>
						<font>font14</font>
						<selectedcolor>selected</selectedcolor>
						<shadowcolor>shadow</shadowcolor>
						<label>$INFO[ListItem.Label]</label>
						<animation effect="fade" start="100" end="40" time="300" tween="sine" easing="inout" condition="!Control.HasFocus(90014)">Conditional</animation>
					</control>
					<control type="label">
						<left>10</left>
						<top>368</top>
						<width>260</width>
						<height>43</height>
						<align>center</align>
						<font>font14</font>
						<selectedcolor>selected</selectedcolor>
						<shadowcolor>shadow</shadowcolor>
						<label>$INFO[ListItem.Year]</label>
						<animation effect="fade" start="100" end="40" time="300" tween="sine" easing="inout" condition="!Control.HasFocus(90014)">Conditional</animation>
					</control>
					<control type="image">
						<left>180</left>
						<width>100</width>
						<height>100</height>
						<texture>overlays/addons/enabled.png</texture>
						<bordersize>8</bordersize>
						<visible>!IsEmpty(ListItem.Property(DBID))</visible>
					</control>
				</control>
			</focusedlayout>
			<content target="video">plugin://script.extendedinfo?info=studio&amp;&amp;studio=$INFO[ListItem.Studio]</content>
		</control>
		<control type="panel" id="90015">
			<description>Similar TV Shows</description>
			<left>0</left>
			<top>0</top>
			<width>1830</width>
			<height>420</height>
			<orientation>horizontal</orientation>
			<scrolltime tween="quadratic" easing="out">300</scrolltime>
			<visible>!StringCompare(Window(Home).Property(SimilarTVShows.Count),0)</visible>
			<visible>Container.Content(tvshows)</visible>
			<itemlayout height="420" width="280">
				<control type="image">
					<width>280</width>
					<height>420</height>
					<aspectratio aligny="top">scale</aspectratio>
					<texture background="true" fallback="DefaultVideoCover.png">$INFO[ListItem.Thumb]</texture>
					<bordertexture border="2">thumbs/panel_border3.png</bordertexture>
					<bordersize>2</bordersize>
				</control>
				<control type="image">
					<top>322</top>
					<width>280</width>
					<height>98</height>
					<texture>black.png</texture>
					<colordiffuse>88ffffff</colordiffuse>
					<bordersize>2</bordersize>
				</control>
				<control type="label">
					<left>10</left>
					<top>325</top>
					<width>260</width>
					<height>43</height>
					<align>center</align>
					<font>font14</font>
					<textcolor>grey</textcolor>
					<shadowcolor>shadow</shadowcolor>
					<selectedcolor>selected</selectedcolor>
					<label>$INFO[ListItem.Label]</label>
				</control>
				<control type="label">
					<left>10</left>
					<top>368</top>
					<width>260</width>
					<height>43</height>
					<align>center</align>
					<font>font14</font>
					<textcolor>grey</textcolor>
					<shadowcolor>shadow</shadowcolor>
					<selectedcolor>selected</selectedcolor>
					<label>$INFO[ListItem.Year]</label>
				</control>
				<control type="image">
					<left>180</left>
					<width>100</width>
					<height>100</height>
					<texture>overlays/addons/enabled.png</texture>
					<bordersize>2</bordersize>
					<visible>!IsEmpty(ListItem.Property(DBID))</visible>
				</control>
			</itemlayout>
			<focusedlayout height="420" width="280">
				<control type="group">
					<animation type="Focus" reversible="false">
						<effect type="zoom" start="95" end="100" time="300" tween="sine" easing="inout" center="auto" />
						<effect type="fade" start="80" end="100" time="300" />
					</animation>
					<control type="image">
						<width>280</width>
						<height>420</height>
						<aspectratio aligny="top">scale</aspectratio>
						<texture background="true" fallback="DefaultVideoCover.png">$INFO[ListItem.Thumb]</texture>
						<bordertexture border="8">thumbs/thumbnail_focused.png</bordertexture>
						<bordersize>8</bordersize>
					</control>
					<control type="image">
						<top>316</top>
						<width>280</width>
						<height>104</height>
						<texture>black.png</texture>
						<colordiffuse>88ffffff</colordiffuse>
						<bordersize>8</bordersize>
					</control>
					<control type="label">
						<left>10</left>
						<top>325</top>
						<width>260</width>
						<height>43</height>
						<align>center</align>
						<font>font14</font>
						<selectedcolor>selected</selectedcolor>
						<shadowcolor>shadow</shadowcolor>
						<label>$INFO[ListItem.Label]</label>
						<animation effect="fade" start="100" end="40" time="300" tween="sine" easing="inout" condition="!Control.HasFocus(90015)">Conditional</animation>
					</control>
					<control type="label">
						<left>10</left>
						<top>368</top>
						<width>260</width>
						<height>43</height>
						<align>center</align>
						<font>font14</font>
						<selectedcolor>selected</selectedcolor>
						<shadowcolor>shadow</shadowcolor>
						<label>$INFO[ListItem.Year]</label>
						<animation effect="fade" start="100" end="40" time="300" tween="sine" easing="inout" condition="!Control.HasFocus(90015)">Conditional</animation>
					</control>
					<control type="image">
						<left>180</left>
						<width>100</width>
						<height>100</height>
						<texture>overlays/addons/enabled.png</texture>
						<bordersize>8</bordersize>
						<visible>!IsEmpty(ListItem.Property(DBID))</visible>
					</control>
				</control>
			</focusedlayout>
			<content target="video">plugin://script.extendedinfo?info=similartvshows&amp;&amp;dbid=$INFO[ListItem.DBID]</content>
		</control>
	</include>
</includes>
