<?xml version="1.0" encoding="UTF-8" standalone="yes"?>
<addon id="plugin.video.ManiacTV"
       name="[COLOR yellow][B]Maniac[/COLOR][COLOR red]TV[/B][/COLOR]"
       version="0.0.4a"
       provider-name="Coelhon">
  <requires>
    <import addon="xbmc.python" />
	<import addon="script.module.t0mm0.common" />
    <import addon="script.module.beautifulsoup" />
    <import addon="script.module.simple.downloader" />
    <import addon="script.module.beautifulsoup4" />
    <import addon="script.module.simple.downloader" />
    <import addon="script.module.requests" />
    <import addon="script.module.httplib2" />
    <import addon="script.module.youtube.dl" />
    <import addon="plugin.video.youtube" />
    <import addon="script.module.urlresolver" optional="true"/>
    <import addon="script.module.simplejson" /> 
    <import addon="script.common.plugin.cache" />
    <import addon="script.module.metahandler" />
  </requires>
  <extension point="xbmc.python.pluginsource" library="default.py">
    <provides>video</provides>
  </extension>
  <extension point="xbmc.addon.metadata">
    <summary lang="en">Lista de Canais e Filmes ManiacTV</summary>
    <description lang="en">Este Addon foi criado e desenvolvido pela[COLOR red][B] Team[/COLOR][/B][COLOR yellow][B]Maniac[/COLOR][/B][COLOR red][B]Pancas[/COLOR][/B][COLOR yellow][B]TV[/COLOR][/B] o mesmo nao se responsabiliza pelo que o uso do mesmo venha a causar.
	Tudo o que aqui se encontra está ao alcance de qualquer um na internet...Para mais novidades adere ao grupo[COLOR red][B] https://www.facebook.com/groups/MANIACTV/[/COLOR][/B]</description>
    <platform>all</platform>
  </extension>
</addon>
